{"cameraMode":{"drawMode":0,"name":"Shaded","section":"Shading Mode"},"sceneLighting":true,"audioPlay":false,"sceneViewState":{"showFog":true,"showMaterialUpdate":false,"showSkybox":true,"showFlares":true,"showImageEffects":true,"showParticleSystems":true},"in2DMode":false,"pivot":{"x":5.8603973388671879,"y":-11.555007934570313,"z":68.34349822998047},"rotation":{"x":-0.18432514369487763,"y":0.624946653842926,"z":-0.15513068437576295,"w":-0.7425709962844849},"size":4204.00830078125,"orthographic":false}