{"cameraMode":{"drawMode":0,"name":"Shaded","section":"Shading Mode"},"sceneLighting":false,"audioPlay":false,"sceneViewState":{"showFog":true,"showMaterialUpdate":false,"showSkybox":false,"showFlares":true,"showImageEffects":true,"showParticleSystems":true},"in2DMode":false,"pivot":{"x":234.2100067138672,"y":92.91300201416016,"z":-126.02999877929688},"rotation":{"x":0.023955248296260835,"y":0.9710805416107178,"z":-0.11059249192476273,"w":0.21032793819904328},"size":22.0,"orthographic":true}