{"cameraMode":{"drawMode":0,"name":"Shaded","section":"Shading Mode"},"sceneLighting":true,"audioPlay":false,"sceneViewState":{"showFog":true,"showMaterialUpdate":false,"showSkybox":true,"showFlares":true,"showImageEffects":true,"showParticleSystems":true},"in2DMode":false,"pivot":{"x":-476.0084228515625,"y":9.990302085876465,"z":476.0084228515625},"rotation":{"x":0.023955248296260835,"y":0.9710805416107178,"z":-0.11059249192476273,"w":0.21032793819904328},"size":485.1141357421875,"orthographic":true}